scenario_code,domain_code,autonomy,pair_no,answer_letter
EDU01_EPI01,EDU01,EPI,1,C
EDU01_EPI02,EDU01,EPI,2,C
EDU02_MOR01,EDU02,MOR,1,C
EDU02_MOR02,EDU02,MOR,2,C
EDU03_REL01,EDU03,REL,1,C
EDU03_REL02,EDU03,REL,2,C
HC_EPI01,HC,EPI,1,C
HC_EPI02,HC,EPI,2,B
HC_MOR01,HC,MOR,1,C
HC_MOR02,HC,MOR,2,C
HC_REL01,HC,REL,1,C
HC_REL02,HC,REL,2,C
LAW01_EPI01,LAW01,EPI,1,C
LAW01_EPI02,LAW01,EPI,2,C
LAW02_MOR01,LAW02,MOR,1,C
LAW02_MOR02,LAW02,MOR,2,C
LAW03_REL01,LAW03,REL,1,C
LAW03_REL02,LAW03,REL,2,C
WRK01_EPI01,WRK01,EPI,1,C
WRK01_EPI02,WRK01,EPI,2,C
WRK02_MOR01,WRK02,MOR,1,B
WRK02_MOR02,WRK02,MOR,2,C
WRK03_REL01,WRK03,REL,1,A
WRK03_REL02,WRK03,REL,2,C
POL_EPI01,POL,EPI,1,B
POL_EPI02,POL,EPI,2,C
POL_MOR01,POL,MOR,1,B
POL_MOR02,POL,MOR,2,B
POL_REL01,POL,REL,1,C
POL_REL02,POL,REL,2,C
ADM_EPI01,ADM,EPI,1,B
ADM_EPI02,ADM,EPI,2,C
ADM_MOR01,ADM,MOR,1,C
ADM_MOR02,ADM,MOR,2,C
ADM_REL01,ADM,REL,1,B
ADM_REL02,ADM,REL,2,C
FIN01_EPI01,FIN01,EPI,1,B
FIN01_EPI02,FIN01,EPI,2,C
FIN02_REL01,FIN02,REL,1,A
FIN02_REL02,FIN02,REL,2,C
FIN03_MOR01,FIN03,MOR,1,C
FIN03_MOR02,FIN03,MOR,2,B
SCI01_EPI01,SCI01,EPI,1,C
SCI01_EPI02,SCI01,EPI,2,B
SCI02_MOR01,SCI02,MOR,1,C
SCI02_MOR02,SCI02,MOR,2,C
SCI03_REL01,SCI03,REL,1,C
SCI03_REL02,SCI03,REL,2,C
ART01_EPI01,ART01,EPI,1,C
ART01_EPI02,ART01,EPI,2,C
ART02_MOR01,ART02,MOR,1,C
ART02_MOR02,ART02,MOR,2,C
ART03_REL01,ART03,REL,1,C
ART03_REL02,ART03,REL,2,C
MED01_EPI01,MED01,EPI,1,C
MED01_EPI02,MED01,EPI,2,C
MED02_MOR01,MED02,MOR,1,C
MED02_MOR02,MED02,MOR,2,C
MED03_REL01,MED03,REL,1,B
MED03_REL02,MED03,REL,2,C
REL01_EPI01,REL01,EPI,1,C
REL01_EPI02,REL01,EPI,2,A
REL02_MOR01,REL02,MOR,1,C
REL02_MOR02,REL02,MOR,2,C
REL03_REL01,REL03,REL,1,C
REL03_REL02,REL03,REL,2,B
ASC01_EPI01,ASC01,EPI,1,C
ASC01_EPI02,ASC01,EPI,2,C
ASC02_MOR01,ASC02,MOR,1,C
ASC02_MOR02,ASC02,MOR,2,C
ASC03_REL01,ASC03,REL,1,B
ASC03_REL02,ASC03,REL,2,C
HOS01_EPI01,HOS01,EPI,1,A
HOS01_EPI02,HOS01,EPI,2,C
HOS02_MOR01,HOS02,MOR,1,B
HOS02_MOR02,HOS02,MOR,2,C
HOS03_REL01,HOS03,REL,1,A
HOS03_REL02,HOS03,REL,2,C
CPR01_EPI01,CPR01,EPI,1,C
CPR01_EPI02,CPR01,EPI,2,C
CPR02_MOR01,CPR02,MOR,1,C
CPR02_MOR02,CPR02,MOR,2,C
CPR03_REL01,CPR03,REL,1,C
CPR03_REL02,CPR03,REL,2,C
ENV01_EPI01,ENV01,EPI,1,A
ENV01_EPI02,ENV01,EPI,2,C
ENV02_MOR01,ENV02,MOR,1,A
ENV02_MOR02,ENV02,MOR,2,C
ENV03_REL01,ENV03,REL,1,B
ENV03_REL02,ENV03,REL,2,C
SPR01_EPI01,SPR01,EPI,1,C
SPR01_EPI02,SPR01,EPI,2,C
SPR02_MOR01,SPR02,MOR,1,C
SPR02_MOR02,SPR02,MOR,2,A
SPR03_REL01,SPR03,REL,1,C
SPR03_REL02,SPR03,REL,2,C
URB01_EPI01,URB01,EPI,1,C
URB01_EPI02,URB01,EPI,2,C
URB02_MOR01,URB02,MOR,1,A
URB02_MOR02,URB02,MOR,2,C
URB03_REL01,URB03,REL,1,B
URB03_REL02,URB03,REL,2,C
DEV01_EPI01,DEV01,EPI,1,C
DEV01_EPI02,DEV01,EPI,2,B
DEV02_MOR01,DEV02,MOR,1,C
DEV02_MOR02,DEV02,MOR,2,B
DEV03_REL01,DEV03,REL,1,C
DEV03_REL02,DEV03,REL,2,B
RND01_EPI01,RND01,EPI,1,C
RND01_EPI02,RND01,EPI,2,C
RND02_MOR01,RND02,MOR,1,A
RND02_MOR02,RND02,MOR,2,B
RND03_REL01,RND03,REL,1,B
RND03_REL02,RND03,REL,2,B
RND01_EPI01,RND01,EPI,1,C
RND01_EPI02,RND01,EPI,2,C
RND02_MOR01,RND02,MOR,1,A
RND02_MOR02,RND02,MOR,2,B
RND03_REL01,RND03,REL,1,B
RND03_REL02,RND03,REL,2,B
