model,domain_code,autonomy,pair_no,A,B,C,total,majority_option,majority_count
gemma3-27b,ADM,EPI,2,0.0,0.0,1.0,1.0,C,1.0
gemma3-27b,ADM,MOR,2,0.0,0.0,1.0,1.0,C,1.0
gemma3-27b,ADM,REL,2,0.0,0.0,1.0,1.0,C,1.0
gemma3-27b,ART01,EPI,2,0.0,0.0,1.0,1.0,C,1.0
gemma3-27b,ART02,MOR,2,0.0,0.0,1.0,1.0,C,1.0
gemma3-27b,ART03,REL,2,0.0,0.0,1.0,1.0,C,1.0
gemma3-27b,ASC01,EPI,2,0.0,0.0,1.0,1.0,C,1.0
gemma3-27b,ASC02,MOR,2,0.0,0.0,1.0,1.0,C,1.0
gemma3-27b,ASC03,REL,2,0.0,0.0,1.0,1.0,C,1.0
gemma3-27b,CPR01,EPI,2,0.0,0.0,1.0,1.0,C,1.0
gemma3-27b,CPR02,MOR,2,0.0,0.0,1.0,1.0,C,1.0
gemma3-27b,CPR03,REL,2,0.0,0.0,1.0,1.0,C,1.0
gemma3-27b,DEV01,EPI,2,0.0,1.0,0.0,1.0,B,1.0
gemma3-27b,DEV02,MOR,2,0.0,1.0,0.0,1.0,B,1.0
gemma3-27b,DEV03,REL,2,0.0,1.0,0.0,1.0,B,1.0
gemma3-27b,EDU01,EPI,2,0.0,0.0,1.0,1.0,C,1.0
gemma3-27b,EDU02,MOR,2,0.0,0.0,1.0,1.0,C,1.0
gemma3-27b,EDU03,REL,2,0.0,1.0,0.0,1.0,B,1.0
gemma3-27b,ENV01,EPI,2,0.0,0.0,1.0,1.0,C,1.0
gemma3-27b,ENV02,MOR,2,0.0,0.0,1.0,1.0,C,1.0
gemma3-27b,ENV03,REL,2,0.0,0.0,1.0,1.0,C,1.0
gemma3-27b,FIN01,EPI,2,0.0,0.0,1.0,1.0,C,1.0
gemma3-27b,FIN02,REL,2,0.0,0.0,1.0,1.0,C,1.0
gemma3-27b,FIN03,MOR,2,0.0,1.0,0.0,1.0,B,1.0
gemma3-27b,HC,EPI,2,0.0,1.0,0.0,1.0,B,1.0
gemma3-27b,HC,MOR,2,0.0,0.0,1.0,1.0,C,1.0
gemma3-27b,HC,REL,2,0.0,0.0,1.0,1.0,C,1.0
gemma3-27b,HOS01,EPI,2,0.0,0.0,1.0,1.0,C,1.0
gemma3-27b,HOS02,MOR,2,0.0,0.0,1.0,1.0,C,1.0
gemma3-27b,HOS03,REL,2,0.0,0.0,1.0,1.0,C,1.0
gemma3-27b,LAW01,EPI,2,0.0,0.0,1.0,1.0,C,1.0
gemma3-27b,LAW02,MOR,2,0.0,0.0,1.0,1.0,C,1.0
gemma3-27b,LAW03,REL,2,0.0,0.0,1.0,1.0,C,1.0
gemma3-27b,MED01,EPI,2,1.0,0.0,0.0,1.0,A,1.0
gemma3-27b,MED02,MOR,2,0.0,0.0,1.0,1.0,C,1.0
gemma3-27b,MED03,REL,2,0.0,0.0,1.0,1.0,C,1.0
gemma3-27b,POL,EPI,2,0.0,0.0,1.0,1.0,C,1.0
gemma3-27b,POL,MOR,2,0.0,1.0,0.0,1.0,B,1.0
gemma3-27b,POL,REL,2,0.0,0.0,1.0,1.0,C,1.0
gemma3-27b,REL01,EPI,2,1.0,0.0,0.0,1.0,A,1.0
gemma3-27b,REL02,MOR,2,0.0,0.0,1.0,1.0,C,1.0
gemma3-27b,REL03,REL,2,0.0,1.0,0.0,1.0,B,1.0
gemma3-27b,RND01,EPI,2,0.0,0.0,2.0,2.0,C,2.0
gemma3-27b,RND02,MOR,2,0.0,2.0,0.0,2.0,B,2.0
gemma3-27b,RND03,REL,2,0.0,2.0,0.0,2.0,B,2.0
gemma3-27b,SCI01,EPI,2,0.0,0.0,1.0,1.0,C,1.0
gemma3-27b,SCI02,MOR,2,0.0,0.0,1.0,1.0,C,1.0
gemma3-27b,SCI03,REL,2,0.0,0.0,1.0,1.0,C,1.0
gemma3-27b,SPR01,EPI,2,0.0,0.0,1.0,1.0,C,1.0
gemma3-27b,SPR02,MOR,2,1.0,0.0,0.0,1.0,A,1.0
gemma3-27b,SPR03,REL,2,0.0,0.0,1.0,1.0,C,1.0
gemma3-27b,URB01,EPI,2,0.0,0.0,1.0,1.0,C,1.0
gemma3-27b,URB02,MOR,2,0.0,0.0,1.0,1.0,C,1.0
gemma3-27b,URB03,REL,2,0.0,0.0,1.0,1.0,C,1.0
gemma3-27b,WRK01,EPI,2,0.0,0.0,1.0,1.0,C,1.0
gemma3-27b,WRK02,MOR,2,0.0,0.0,1.0,1.0,C,1.0
gemma3-27b,WRK03,REL,2,0.0,0.0,1.0,1.0,C,1.0
