model,domain_code,autonomy,pair_no,A,B,C
qwen2.5-14b,ADM,EPI,2,0.0,1.0,0.0
qwen2.5-14b,ADM,MOR,2,0.0,0.0,1.0
qwen2.5-14b,ADM,REL,2,0.0,0.0,1.0
qwen2.5-14b,ART01,EPI,2,0.0,0.0,1.0
qwen2.5-14b,ART02,MOR,2,0.0,0.0,1.0
qwen2.5-14b,ART03,REL,2,0.0,0.0,1.0
qwen2.5-14b,ASC01,EPI,2,0.0,0.0,1.0
qwen2.5-14b,ASC02,MOR,2,0.0,0.0,1.0
qwen2.5-14b,ASC03,REL,2,0.0,0.0,1.0
qwen2.5-14b,CPR01,EPI,2,0.0,0.0,1.0
qwen2.5-14b,CPR02,MOR,2,0.0,0.0,1.0
qwen2.5-14b,CPR03,REL,2,0.0,0.0,1.0
qwen2.5-14b,DEV01,EPI,2,0.0,1.0,0.0
qwen2.5-14b,DEV02,MOR,2,0.0,1.0,0.0
qwen2.5-14b,DEV03,REL,2,0.0,0.0,1.0
qwen2.5-14b,EDU01,EPI,2,0.0,1.0,0.0
qwen2.5-14b,EDU02,MOR,2,0.0,0.0,1.0
qwen2.5-14b,EDU03,REL,2,0.0,0.0,1.0
qwen2.5-14b,ENV01,EPI,2,0.0,0.0,1.0
qwen2.5-14b,ENV02,MOR,2,0.0,0.0,1.0
qwen2.5-14b,ENV03,REL,2,0.0,0.0,1.0
qwen2.5-14b,FIN01,EPI,2,0.0,0.0,1.0
qwen2.5-14b,FIN02,REL,2,0.0,0.0,1.0
qwen2.5-14b,FIN03,MOR,2,0.0,1.0,0.0
qwen2.5-14b,HC,EPI,2,0.0,1.0,0.0
qwen2.5-14b,HC,MOR,2,0.0,0.0,1.0
qwen2.5-14b,HC,REL,2,0.0,0.0,1.0
qwen2.5-14b,HOS01,EPI,2,0.0,0.0,1.0
qwen2.5-14b,HOS02,MOR,2,0.0,0.0,1.0
qwen2.5-14b,HOS03,REL,2,0.0,0.0,1.0
qwen2.5-14b,LAW01,EPI,2,0.0,0.0,1.0
qwen2.5-14b,LAW02,MOR,2,0.0,0.0,1.0
qwen2.5-14b,LAW03,REL,2,0.0,0.0,1.0
qwen2.5-14b,MED01,EPI,2,0.0,0.0,1.0
qwen2.5-14b,MED02,MOR,2,0.0,0.0,1.0
qwen2.5-14b,MED03,REL,2,0.0,0.0,1.0
qwen2.5-14b,POL,EPI,2,0.0,0.0,1.0
qwen2.5-14b,POL,MOR,2,0.0,1.0,0.0
qwen2.5-14b,POL,REL,2,0.0,0.0,1.0
qwen2.5-14b,REL01,EPI,2,0.0,0.0,1.0
qwen2.5-14b,REL02,MOR,2,0.0,1.0,0.0
qwen2.5-14b,REL03,REL,2,0.0,1.0,0.0
qwen2.5-14b,RND01,EPI,2,0.0,0.0,2.0
qwen2.5-14b,RND02,MOR,2,0.0,1.0,1.0
qwen2.5-14b,RND03,REL,2,0.0,2.0,0.0
qwen2.5-14b,SCI01,EPI,2,0.0,0.0,1.0
qwen2.5-14b,SCI02,MOR,2,0.0,0.0,1.0
qwen2.5-14b,SCI03,REL,2,0.0,0.0,1.0
qwen2.5-14b,SPR01,EPI,2,0.0,0.0,1.0
qwen2.5-14b,SPR02,MOR,2,1.0,0.0,0.0
qwen2.5-14b,SPR03,REL,2,0.0,0.0,1.0
qwen2.5-14b,URB01,EPI,2,0.0,0.0,1.0
qwen2.5-14b,URB02,MOR,2,0.0,0.0,1.0
qwen2.5-14b,URB03,REL,2,0.0,1.0,0.0
qwen2.5-14b,WRK01,EPI,2,0.0,0.0,1.0
qwen2.5-14b,WRK02,MOR,2,0.0,0.0,1.0
qwen2.5-14b,WRK03,REL,2,0.0,0.0,1.0
